id;instituicao;tipo;inicio;conclusao;criado
1;São National;Berkshire port;2021-06-01;2021-06-01;2021-06-01T04:46:33
2;Roupas override;Total limão;2021-06-01;2021-05-31;2021-05-31T19:04:26
3;next-generation;Future;2021-05-31;2021-06-01;2021-05-31T17:47:20
4;drive service-desk;Manager Macio;2021-06-01;2021-05-31;2021-06-01T07:51:21
5;Gerais Licenciado services;Prático;2021-06-01;2021-05-31;2021-06-01T07:00:10
6;Paulo markets Marginal;optimal intuitive vermelho;2021-05-31;2021-06-01;2021-05-31T17:17:19
7;Mouse;Granito Acre;2021-06-01;2021-05-31;2021-05-31T23:18:42
8;IB blockchains;Emirados Phased applications;2021-05-31;2021-06-01;2021-06-01T00:46:39
9;methodical withdrawal pele;Lindo Brunei;2021-06-01;2021-05-31;2021-05-31T18:21:28
10;Response bypass bandwidth;Islândia;2021-06-01;2021-05-31;2021-06-01T05:03:08
