id;nome;email;data_nascimento;cpf;telefone;nacionalidade;naturalidade;sexo;estado_civil;pcd;pcd_cid;cnh;foto_url;criado
1;holistic Travessa;Calebe_Pereira67@gmail.com;2021-05-31;Espírito alarm;payment Principal alarm;ouro Borracha Licenciado;neural-net Plástico Minas;Alameda;Web Riyal mobile;true;index;Esportes;marca withdrawal Fresco;2021-05-31T12:30:03
2;Genérico;Mait.Xavier@yahoo.com;2021-05-31;jade cinza;Sabonete Orchestrator;hybrid;Sergipe groupware;Madeira Alameda;innovative;false;deposit;extend input;payment invoice generating;2021-06-01T11:25:11
3;Principal Norte;Helena.Batista@live.com;2021-06-01;Livros;compelling;firewall hacking;Bedfordshire Infrastructure auxiliary;Creative Checking 1080p;Market Impressionante Realigned;false;e-tailers;bottom-line Bedfordshire best-of-breed;Incrível;2021-05-31T17:51:30
4;Unido;Alexandre_Batista82@bol.com.br;2021-06-01;âmbar Licenciado celeste;withdrawal;experiences Cedi methodology;Carro Chief;Turquia;monetize leverage;true;Account Identity Paraná;Plástico;JBOD groupware Fresco;2021-05-31T16:24:09
5;Industrial Borders;Giovanna.Albuquerque@hotmail.com;2021-05-31;Santa;Sapatos CSS withdrawal;Pequeno Profit-focused;Account Web;paradigms Fresco;Buckinghamshire systems Aço;false;microchip;deposit innovate Gerais;intermediate;2021-05-31T11:47:00
6;Forward;Luiza.Carvalho@yahoo.com;2021-06-01;Paraná;Dominica Quality-focused parse;Lindo Jardim;Marginal content bluetooth;Myanmar Ilhas Berkshire;Infrastructure Gerais Fresco;false;Account;Peso;Dollar Pizza Guiné;2021-06-01T01:18:33
7;Brasil Alagoas;Rafael.Carvalho53@yahoo.com;2021-05-31;protocol;intermediate Inteligente Macedônia;bus Bola Cambridgeshire;Madeira morph;Danish repurpose;value-added Alameda;true;Genérico Supervisor;networks US;Investor Eslovênia Loan;2021-05-31T23:16:26
8;communities;gor.Silva32@bol.com.br;2021-06-01;China Amazonas;Vatu application Granito;Grosso payment Web;Rua;Sudão RSS navigating;Checking;false;Avon;Marginal;recontextualize Buckinghamshire 9(E.U.A.-9);2021-05-31T14:13:47
9;Rua Graphic Cambridgeshire;Lorenzo72@bol.com.br;2021-05-31;input solutions;index Queijo e-commerce;strategic Atum;deposit;wireless channels static;Borders;false;conglomeration e-markets;monetize Avon Beleza;Account;2021-05-31T17:08:20
10;Rodovia Bôsnia index;Cau_Martins@live.com;2021-05-31;Pequeno;SCSI;Luvas;Forward Central;Filmes;Future;false;initiatives Peixe override;Future Cadeira;Liberian;2021-06-01T00:35:52
